Workbook

Sheet Datos
A1: Base de datos de eventos deportivos (ejemplo)
A2: Datos SIMULADOS con fines ilustrativos; no son cifras oficiales del IDRD.
A4: ID | B4: Categoria | C4: Disciplina | D4: Mes (1-12) | E4: Localidad | F4: Asistentes | G4: Evento | H4: Coincide | I4: COMO USAR | J4: Dia | K4: Anio
A5: 1 | B5: En equipo | C5: Futbol | D5: 2 | E5: Kennedy | F5: 120 | G5: =C5&" - "&E5&" ("&INDEX(Listas!$D$5:$D$16,D5)&")" -> Futbol - Kennedy (Feb) | H5: =IF(AND(B5=Consulta!$B$5,E5=Consulta!$B$6),COUNTIFS($B$5:B5,Consulta!$B$5,$E$5:E5,Consulta!$B$6),"") -> 1 | I5: Texto azul = dato que puedes editar. | J5: 14 | K5: 2026
A6: 2 | B6: En equipo | C6: Futbol | D6: 3 | E6: Suba | F6: 150 | G6: =C6&" - "&E6&" ("&INDEX(Listas!$D$5:$D$16,D6)&")" -> Futbol - Suba (Mar) | H6: =IF(AND(B6=Consulta!$B$5,E6=Consulta!$B$6),COUNTIFS($B$5:B6,Consulta!$B$5,$E$5:E6,Consulta!$B$6),"") | I6: Texto negro = formula (no tocar). | J6: 21 | K6: 2026
A7: 3 | B7: En equipo | C7: Futbol | D7: 5 | E7: Usaquen | F7: 90 | G7: =C7&" - "&E7&" ("&INDEX(Listas!$D$5:$D$16,D7)&")" -> Futbol - Usaquen (May) | H7: =IF(AND(B7=Consulta!$B$5,E7=Consulta!$B$6),COUNTIFS($B$5:B7,Consulta!$B$5,$E$5:E7,Consulta!$B$6),"") | I7: Para agregar un evento: escribe una nueva fila | J7: 8 | K7: 2026
A8: 4 | B8: En equipo | C8: Futbol | D8: 6 | E8: Kennedy | F8: 180 | G8: =C8&" - "&E8&" ("&INDEX(Listas!$D$5:$D$16,D8)&")" -> Futbol - Kennedy (Jun) | H8: =IF(AND(B8=Consulta!$B$5,E8=Consulta!$B$6),COUNTIFS($B$5:B8,Consulta!$B$5,$E$5:E8,Consulta!$B$6),"") -> 2 | I8: debajo de la ultima y amplia los rangos de | J8: 27 | K8: 2026
A9: 5 | B9: En equipo | C9: Futbol | D9: 9 | E9: Engativa | F9: 140 | G9: =C9&" - "&E9&" ("&INDEX(Listas!$D$5:$D$16,D9)&")" -> Futbol - Engativa (Sep) | H9: =IF(AND(B9=Consulta!$B$5,E9=Consulta!$B$6),COUNTIFS($B$5:B9,Consulta!$B$5,$E$5:E9,Consulta!$B$6),"") | I9: las hojas Resumen y Consulta si es necesario. | J9: 16 | K9: 2026
A10: 6 | B10: En equipo | C10: Futbol | D10: 10 | E10: Suba | F10: 160 | G10: =C10&" - "&E10&" ("&INDEX(Listas!$D$5:$D$16,D10)&")" -> Futbol - Suba (Oct) | H10: =IF(AND(B10=Consulta!$B$5,E10=Consulta!$B$6),COUNTIFS($B$5:B10,Consulta!$B$5,$E$5:E10,Consulta!$B$6),"") | J10: 20 | K10: 2026
A11: 7 | B11: En equipo | C11: Baloncesto | D11: 3 | E11: Chapinero | F11: 70 | G11: =C11&" - "&E11&" ("&INDEX(Listas!$D$5:$D$16,D11)&")" -> Baloncesto - Chapinero (Mar) | H11: =IF(AND(B11=Consulta!$B$5,E11=Consulta!$B$6),COUNTIFS($B$5:B11,Consulta!$B$5,$E$5:E11,Consulta!$B$6),"") | I11: Los datos son SIMULADOS. Reemplazalos con | J11: 12 | K11: 2026
A12: 8 | B12: En equipo | C12: Baloncesto | D12: 4 | E12: Teusaquillo | F12: 85 | G12: =C12&" - "&E12&" ("&INDEX(Listas!$D$5:$D$16,D12)&")" -> Baloncesto - Teusaquillo (Abr) | H12: =IF(AND(B12=Consulta!$B$5,E12=Consulta!$B$6),COUNTIFS($B$5:B12,Consulta!$B$5,$E$5:E12,Consulta!$B$6),"") | I12: el calendario real de eventos 2026 del IDRD. | J12: 25 | K12: 2026
A13: 9 | B13: En equipo | C13: Baloncesto | D13: 7 | E13: Kennedy | F13: 95 | G13: =C13&" - "&E13&" ("&INDEX(Listas!$D$5:$D$16,D13)&")" -> Baloncesto - Kennedy (Jul) | H13: =IF(AND(B13=Consulta!$B$5,E13=Consulta!$B$6),COUNTIFS($B$5:B13,Consulta!$B$5,$E$5:E13,Consulta!$B$6),"") -> 3 | J13: 9 | K13: 2026
A14: 10 | B14: En equipo | C14: Baloncesto | D14: 10 | E14: Suba | F14: 80 | G14: =C14&" - "&E14&" ("&INDEX(Listas!$D$5:$D$16,D14)&")" -> Baloncesto - Suba (Oct) | H14: =IF(AND(B14=Consulta!$B$5,E14=Consulta!$B$6),COUNTIFS($B$5:B14,Consulta!$B$5,$E$5:E14,Consulta!$B$6),"") | J14: 24 | K14: 2026
A15: 11 | B15: En equipo | C15: Voleibol | D15: 4 | E15: Engativa | F15: 60 | G15: =C15&" - "&E15&" ("&INDEX(Listas!$D$5:$D$16,D15)&")" -> Voleibol - Engativa (Abr) | H15: =IF(AND(B15=Consulta!$B$5,E15=Consulta!$B$6),COUNTIFS($B$5:B15,Consulta!$B$5,$E$5:E15,Consulta!$B$6),"") | J15: 18 | K15: 2026
A16: 12 | B16: En equipo | C16: Voleibol | D16: 8 | E16: Usaquen | F16: 55 | G16: =C16&" - "&E16&" ("&INDEX(Listas!$D$5:$D$16,D16)&")" -> Voleibol - Usaquen (Ago) | H16: =IF(AND(B16=Consulta!$B$5,E16=Consulta!$B$6),COUNTIFS($B$5:B16,Consulta!$B$5,$E$5:E16,Consulta!$B$6),"") | J16: 5 | K16: 2026
A17: 13 | B17: En equipo | C17: Voleibol | D17: 11 | E17: Chapinero | F17: 65 | G17: =C17&" - "&E17&" ("&INDEX(Listas!$D$5:$D$16,D17)&")" -> Voleibol - Chapinero (Nov) | H17: =IF(AND(B17=Consulta!$B$5,E17=Consulta!$B$6),COUNTIFS($B$5:B17,Consulta!$B$5,$E$5:E17,Consulta!$B$6),"") | J17: 7 | K17: 2026
A18: 14 | B18: Acuaticos | C18: Natacion | D18: 5 | E18: Kennedy | F18: 45 | G18: =C18&" - "&E18&" ("&INDEX(Listas!$D$5:$D$16,D18)&")" -> Natacion - Kennedy (May) | H18: =IF(AND(B18=Consulta!$B$5,E18=Consulta!$B$6),COUNTIFS($B$5:B18,Consulta!$B$5,$E$5:E18,Consulta!$B$6),"") | J18: 22 | K18: 2026
A19: 15 | B19: Acuaticos | C19: Natacion | D19: 7 | E19: Suba | F19: 50 | G19: =C19&" - "&E19&" ("&INDEX(Listas!$D$5:$D$16,D19)&")" -> Natacion - Suba (Jul) | H19: =IF(AND(B19=Consulta!$B$5,E19=Consulta!$B$6),COUNTIFS($B$5:B19,Consulta!$B$5,$E$5:E19,Consulta!$B$6),"") | J19: 15 | K19: 2026
A20: 16 | B20: Individuales | C20: Atletismo | D20: 3 | E20: Usaquen | F20: 110 | G20: =C20&" - "&E20&" ("&INDEX(Listas!$D$5:$D$16,D20)&")" -> Atletismo - Usaquen (Mar) | H20: =IF(AND(B20=Consulta!$B$5,E20=Consulta!$B$6),COUNTIFS($B$5:B20,Consulta!$B$5,$E$5:E20,Consulta!$B$6),"") | J20: 29 | K20: 2026
A21: 17 | B21: Individuales | C21: Atletismo | D21: 6 | E21: Teusaquillo | F21: 130 | G21: =C21&" - "&E21&" ("&INDEX(Listas!$D$5:$D$16,D21)&")" -> Atletismo - Teusaquillo (Jun) | H21: =IF(AND(B21=Consulta!$B$5,E21=Consulta!$B$6),COUNTIFS($B$5:B21,Consulta!$B$5,$E$5:E21,Consulta!$B$6),"") | J21: 13 | K21: 2026
A22: 18 | B22: Individuales | C22: Ciclismo | D22: 8 | E22: Engativa | F22: 200 | G22: =C22&" - "&E22&" ("&INDEX(Listas!$D$5:$D$16,D22)&")" -> Ciclismo - Engativa (Ago) | H22: =IF(AND(B22=Consulta!$B$5,E22=Consulta!$B$6),COUNTIFS($B$5:B22,Consulta!$B$5,$E$5:E22,Consulta!$B$6),"") | J22: 30 | K22: 2026
A23: 19 | B23: Individuales | C23: Ciclismo | D23: 11 | E23: Suba | F23: 220 | G23: =C23&" - "&E23&" ("&INDEX(Listas!$D$5:$D$16,D23)&")" -> Ciclismo - Suba (Nov) | H23: =IF(AND(B23=Consulta!$B$5,E23=Consulta!$B$6),COUNTIFS($B$5:B23,Consulta!$B$5,$E$5:E23,Consulta!$B$6),"") | J23: 21 | K23: 2026
A24: 20 | B24: Otras | C24: Ajedrez | D24: 9 | E24: Chapinero | F24: 40 | G24: =C24&" - "&E24&" ("&INDEX(Listas!$D$5:$D$16,D24)&")" -> Ajedrez - Chapinero (Sep) | H24: =IF(AND(B24=Consulta!$B$5,E24=Consulta!$B$6),COUNTIFS($B$5:B24,Consulta!$B$5,$E$5:E24,Consulta!$B$6),"") | J24: 19 | K24: 2026

Sheet Resumen
A1: Resumen y analisis
A2: Todo se calcula con formulas: si cambias la hoja Datos, se actualiza solo.
A3: INDICADORES CLAVE
A4: Total de eventos | B4: =COUNTA(Datos!$B$5:$B$24) -> 20
A5: Total de asistentes | B5: =SUM(Datos!$F$5:$F$24) -> 2145
A6: Promedio por evento | B6: =IFERROR(B5/B4,0) -> 107.25
A9: 1. EVENTOS Y ASISTENTES POR CATEGORIA
A10: Categoria | B10: Eventos | C10: % de eventos | D10: Asistentes | E10: % asistentes | F10: Prom. por evento
A11: =Listas!A5 -> En equipo | B11: =COUNTIF(Datos!$B$5:$B$24,A11) -> 13 | C11: =IFERROR(B11/$B$4,0) -> 0.65 | D11: =SUMIF(Datos!$B$5:$B$24,A11,Datos!$F$5:$F$24) -> 1350 | E11: =IFERROR(D11/$B$5,0) -> 0.62937063 | F11: =IFERROR(D11/B11,0) -> 103.84615
A12: =Listas!A6 -> Acuaticos | B12: =COUNTIF(Datos!$B$5:$B$24,A12) -> 2 | C12: =IFERROR(B12/$B$4,0) -> 0.1 | D12: =SUMIF(Datos!$B$5:$B$24,A12,Datos!$F$5:$F$24) -> 95 | E12: =IFERROR(D12/$B$5,0) -> 0.044289044 | F12: =IFERROR(D12/B12,0) -> 47.5
A13: =Listas!A7 -> Individuales | B13: =COUNTIF(Datos!$B$5:$B$24,A13) -> 4 | C13: =IFERROR(B13/$B$4,0) -> 0.2 | D13: =SUMIF(Datos!$B$5:$B$24,A13,Datos!$F$5:$F$24) -> 660 | E13: =IFERROR(D13/$B$5,0) -> 0.30769231 | F13: =IFERROR(D13/B13,0) -> 165
A14: =Listas!A8 -> Otras | B14: =COUNTIF(Datos!$B$5:$B$24,A14) -> 1 | C14: =IFERROR(B14/$B$4,0) -> 0.05 | D14: =SUMIF(Datos!$B$5:$B$24,A14,Datos!$F$5:$F$24) -> 40 | E14: =IFERROR(D14/$B$5,0) -> 0.018648019 | F14: =IFERROR(D14/B14,0) -> 40
A15: Total | B15: =SUM(B11:B14) -> 20 | C15: =SUM(C11:C14) -> 1 | D15: =SUM(D11:D14) -> 2145 | E15: =SUM(E11:E14) -> 1 | F15: =IFERROR(D15/B15,0) -> 107.25
A16: Analisis: | B16: ="La categoria con mas eventos es "&INDEX(A11:A14,MATCH(MAX(B11:B14),B11:B14,0))&" ("&TEXT(MAX(C11:C14),"0%")&" de los eventos) y reune "&TEXT(INDEX(E11:E14,MATCH(MAX(B11:B14),B11:B14,0)),"0%")&" de los asistentes." -> La categoria con mas eventos es En equipo (65% de los eventos) y reune 63% de los asistentes.
A19: 2. DISCIPLINAS DE DEPORTES EN EQUIPO
A20: Disciplina | B20: Eventos | C20: Asistentes | D20: Prom. por evento
A21: Futbol | B21: =COUNTIFS(Datos!$B$5:$B$24,"En equipo",Datos!$C$5:$C$24,A21) -> 6 | C21: =SUMIFS(Datos!$F$5:$F$24,Datos!$B$5:$B$24,"En equipo",Datos!$C$5:$C$24,A21) -> 840 | D21: =IFERROR(C21/B21,0) -> 140
A22: Baloncesto | B22: =COUNTIFS(Datos!$B$5:$B$24,"En equipo",Datos!$C$5:$C$24,A22) -> 4 | C22: =SUMIFS(Datos!$F$5:$F$24,Datos!$B$5:$B$24,"En equipo",Datos!$C$5:$C$24,A22) -> 330 | D22: =IFERROR(C22/B22,0) -> 82.5
A23: Voleibol | B23: =COUNTIFS(Datos!$B$5:$B$24,"En equipo",Datos!$C$5:$C$24,A23) -> 3 | C23: =SUMIFS(Datos!$F$5:$F$24,Datos!$B$5:$B$24,"En equipo",Datos!$C$5:$C$24,A23) -> 180 | D23: =IFERROR(C23/B23,0) -> 60
A24: Analisis: | B24: ="Dentro de los deportes en equipo, la disciplina con mas eventos es "&INDEX(A21:A23,MATCH(MAX(B21:B23),B21:B23,0))&" con "&MAX(B21:B23)&" eventos." -> Dentro de los deportes en equipo, la disciplina con mas eventos es Futbol con 6 eventos.
A27: 3. EVENTOS EN EQUIPO POR MES
A28: Mes | B28: Eventos en equipo | C28: Asistentes
A29: =Listas!D5 -> Ene | B29: =COUNTIFS(Datos!$B$5:$B$24,"En equipo",Datos!$D$5:$D$24,1) -> 0 | C29: =SUMIFS(Datos!$F$5:$F$24,Datos!$B$5:$B$24,"En equipo",Datos!$D$5:$D$24,1) -> 0
A30: =Listas!D6 -> Feb | B30: =COUNTIFS(Datos!$B$5:$B$24,"En equipo",Datos!$D$5:$D$24,2) -> 1 | C30: =SUMIFS(Datos!$F$5:$F$24,Datos!$B$5:$B$24,"En equipo",Datos!$D$5:$D$24,2) -> 120
A31: =Listas!D7 -> Mar | B31: =COUNTIFS(Datos!$B$5:$B$24,"En equipo",Datos!$D$5:$D$24,3) -> 2 | C31: =SUMIFS(Datos!$F$5:$F$24,Datos!$B$5:$B$24,"En equipo",Datos!$D$5:$D$24,3) -> 220
A32: =Listas!D8 -> Abr | B32: =COUNTIFS(Datos!$B$5:$B$24,"En equipo",Datos!$D$5:$D$24,4) -> 2 | C32: =SUMIFS(Datos!$F$5:$F$24,Datos!$B$5:$B$24,"En equipo",Datos!$D$5:$D$24,4) -> 145
A33: =Listas!D9 -> May | B33: =COUNTIFS(Datos!$B$5:$B$24,"En equipo",Datos!$D$5:$D$24,5) -> 1 | C33: =SUMIFS(Datos!$F$5:$F$24,Datos!$B$5:$B$24,"En equipo",Datos!$D$5:$D$24,5) -> 90
A34: =Listas!D10 -> Jun | B34: =COUNTIFS(Datos!$B$5:$B$24,"En equipo",Datos!$D$5:$D$24,6) -> 1 | C34: =SUMIFS(Datos!$F$5:$F$24,Datos!$B$5:$B$24,"En equipo",Datos!$D$5:$D$24,6) -> 180
A35: =Listas!D11 -> Jul | B35: =COUNTIFS(Datos!$B$5:$B$24,"En equipo",Datos!$D$5:$D$24,7) -> 1 | C35: =SUMIFS(Datos!$F$5:$F$24,Datos!$B$5:$B$24,"En equipo",Datos!$D$5:$D$24,7) -> 95
A36: =Listas!D12 -> Ago | B36: =COUNTIFS(Datos!$B$5:$B$24,"En equipo",Datos!$D$5:$D$24,8) -> 1 | C36: =SUMIFS(Datos!$F$5:$F$24,Datos!$B$5:$B$24,"En equipo",Datos!$D$5:$D$24,8) -> 55
A37: =Listas!D13 -> Sep | B37: =COUNTIFS(Datos!$B$5:$B$24,"En equipo",Datos!$D$5:$D$24,9) -> 1 | C37: =SUMIFS(Datos!$F$5:$F$24,Datos!$B$5:$B$24,"En equipo",Datos!$D$5:$D$24,9) -> 140
A38: =Listas!D14 -> Oct | B38: =COUNTIFS(Datos!$B$5:$B$24,"En equipo",Datos!$D$5:$D$24,10) -> 2 | C38: =SUMIFS(Datos!$F$5:$F$24,Datos!$B$5:$B$24,"En equipo",Datos!$D$5:$D$24,10) -> 240
A39: =Listas!D15 -> Nov | B39: =COUNTIFS(Datos!$B$5:$B$24,"En equipo",Datos!$D$5:$D$24,11) -> 1 | C39: =SUMIFS(Datos!$F$5:$F$24,Datos!$B$5:$B$24,"En equipo",Datos!$D$5:$D$24,11) -> 65
A40: =Listas!D16 -> Dic | B40: =COUNTIFS(Datos!$B$5:$B$24,"En equipo",Datos!$D$5:$D$24,12) -> 0 | C40: =SUMIFS(Datos!$F$5:$F$24,Datos!$B$5:$B$24,"En equipo",Datos!$D$5:$D$24,12) -> 0
A41: Meses con eventos: | B41: =COUNTIF(B29:B40,">0")&" de 12" -> 10 de 12
A42: Mes(es) pico: | B42: ="Maximo de "&MAX(B29:B40)&" eventos en un mes ("&COUNTIF(B29:B40,MAX(B29:B40))&" meses empatan)" -> Maximo de 2 eventos en un mes (3 meses empatan)

Sheet Consulta
A1: Consulta del usuario (caso de Laura)
A2: Elige los filtros en las celdas amarillas y el sistema muestra los eventos que coinciden.
A4: FILTROS
A5: Categoria: | B5: En equipo | E5: Eventos que coinciden: | F5: =COUNTIFS(Datos!$B$5:$B$24,B5,Datos!$E$5:$E$24,B6) -> 3
A6: Localidad: | B6: Kennedy | E6: Eventos de esa categoria (total): | F6: =COUNTIF(Datos!$B$5:$B$24,B5) -> 13
E7: Reduccion de la busqueda: | F7: =IFERROR(1-F5/COUNTA(Datos!$B$5:$B$24),0) -> 0.85
A9: EVENTOS QUE COINCIDEN CON TUS FILTROS
A10: N. | B10: Disciplina | C10: Mes | D10: Asistentes
A11: 1 | B11: =IFERROR(INDEX(Datos!$C$5:$C$24,MATCH($A11,Datos!$H$5:$H$24,0)),"") -> Futbol | C11: =IFERROR(INDEX(Listas!$D$5:$D$16,INDEX(Datos!$D$5:$D$24,MATCH($A11,Datos!$H$5:$H$24,0))),"") -> Feb | D11: =IFERROR(INDEX(Datos!$F$5:$F$24,MATCH($A11,Datos!$H$5:$H$24,0)),"") -> 120
A12: 2 | B12: =IFERROR(INDEX(Datos!$C$5:$C$24,MATCH($A12,Datos!$H$5:$H$24,0)),"") -> Futbol | C12: =IFERROR(INDEX(Listas!$D$5:$D$16,INDEX(Datos!$D$5:$D$24,MATCH($A12,Datos!$H$5:$H$24,0))),"") -> Jun | D12: =IFERROR(INDEX(Datos!$F$5:$F$24,MATCH($A12,Datos!$H$5:$H$24,0)),"") -> 180
A13: 3 | B13: =IFERROR(INDEX(Datos!$C$5:$C$24,MATCH($A13,Datos!$H$5:$H$24,0)),"") -> Baloncesto | C13: =IFERROR(INDEX(Listas!$D$5:$D$16,INDEX(Datos!$D$5:$D$24,MATCH($A13,Datos!$H$5:$H$24,0))),"") -> Jul | D13: =IFERROR(INDEX(Datos!$F$5:$F$24,MATCH($A13,Datos!$H$5:$H$24,0)),"") -> 95
A14: 4 | B14: =IFERROR(INDEX(Datos!$C$5:$C$24,MATCH($A14,Datos!$H$5:$H$24,0)),"") | C14: =IFERROR(INDEX(Listas!$D$5:$D$16,INDEX(Datos!$D$5:$D$24,MATCH($A14,Datos!$H$5:$H$24,0))),"") | D14: =IFERROR(INDEX(Datos!$F$5:$F$24,MATCH($A14,Datos!$H$5:$H$24,0)),"")
A15: 5 | B15: =IFERROR(INDEX(Datos!$C$5:$C$24,MATCH($A15,Datos!$H$5:$H$24,0)),"") | C15: =IFERROR(INDEX(Listas!$D$5:$D$16,INDEX(Datos!$D$5:$D$24,MATCH($A15,Datos!$H$5:$H$24,0))),"") | D15: =IFERROR(INDEX(Datos!$F$5:$F$24,MATCH($A15,Datos!$H$5:$H$24,0)),"")
A16: 6 | B16: =IFERROR(INDEX(Datos!$C$5:$C$24,MATCH($A16,Datos!$H$5:$H$24,0)),"") | C16: =IFERROR(INDEX(Listas!$D$5:$D$16,INDEX(Datos!$D$5:$D$24,MATCH($A16,Datos!$H$5:$H$24,0))),"") | D16: =IFERROR(INDEX(Datos!$F$5:$F$24,MATCH($A16,Datos!$H$5:$H$24,0)),"")
A17: 7 | B17: =IFERROR(INDEX(Datos!$C$5:$C$24,MATCH($A17,Datos!$H$5:$H$24,0)),"") | C17: =IFERROR(INDEX(Listas!$D$5:$D$16,INDEX(Datos!$D$5:$D$24,MATCH($A17,Datos!$H$5:$H$24,0))),"") | D17: =IFERROR(INDEX(Datos!$F$5:$F$24,MATCH($A17,Datos!$H$5:$H$24,0)),"")
A18: 8 | B18: =IFERROR(INDEX(Datos!$C$5:$C$24,MATCH($A18,Datos!$H$5:$H$24,0)),"") | C18: =IFERROR(INDEX(Listas!$D$5:$D$16,INDEX(Datos!$D$5:$D$24,MATCH($A18,Datos!$H$5:$H$24,0))),"") | D18: =IFERROR(INDEX(Datos!$F$5:$F$24,MATCH($A18,Datos!$H$5:$H$24,0)),"")
A19: 9 | B19: =IFERROR(INDEX(Datos!$C$5:$C$24,MATCH($A19,Datos!$H$5:$H$24,0)),"") | C19: =IFERROR(INDEX(Listas!$D$5:$D$16,INDEX(Datos!$D$5:$D$24,MATCH($A19,Datos!$H$5:$H$24,0))),"") | D19: =IFERROR(INDEX(Datos!$F$5:$F$24,MATCH($A19,Datos!$H$5:$H$24,0)),"")
A20: 10 | B20: =IFERROR(INDEX(Datos!$C$5:$C$24,MATCH($A20,Datos!$H$5:$H$24,0)),"") | C20: =IFERROR(INDEX(Listas!$D$5:$D$16,INDEX(Datos!$D$5:$D$24,MATCH($A20,Datos!$H$5:$H$24,0))),"") | D20: =IFERROR(INDEX(Datos!$F$5:$F$24,MATCH($A20,Datos!$H$5:$H$24,0)),"")
A21: Se muestran hasta 10 resultados.
A24: Conclusion: | B24: =IF(F5=0,"No hay eventos con esos filtros. Prueba otra localidad o categoria.","Con solo dos filtros, la busqueda paso de "&COUNTA(Datos!$B$5:$B$24)&" eventos a "&F5&" opciones concretas en "&B6&" ("&B5&").") -> Con solo dos filtros, la busqueda paso de 20 eventos a 3 opciones concretas en Kennedy (En equipo).
A26: Leyenda: celda amarilla = filtro editable (menu desplegable). Resultados = formulas.

Sheet Listas
A1: Listas auxiliares
A2: Sirven para los menus desplegables y para nombrar los meses.
A4: Categorias | B4: Localidades | D4: Meses
A5: En equipo | B5: Kennedy | D5: Ene
A6: Acuaticos | B6: Suba | D6: Feb
A7: Individuales | B7: Usaquen | D7: Mar
A8: Otras | B8: Engativa | D8: Abr
B9: Chapinero | D9: May
B10: Teusaquillo | D10: Jun
D11: Jul
D12: Ago
D13: Sep
D14: Oct
D15: Nov
D16: Dic
